{
    "metadata":{
        "type":"Geometry",
        "normals":6,
        "version":3,
        "generator":"io_three",
        "colors":0,
        "materials":1,
        "faces":6,
        "vertices":8,
        "uvs":0
    },
    "normals":[-1,0,-0,0,-1,0,1,0,-0,0,1,-0,0,0,1,0,0,-1],
    "colors":[],
    "materials":[{
        "DbgIndex":0,
        "blending":"NormalBlending",
        "depthTest":true,
        "transparent":false,
        "colorDiffuse":[0.64,0.64,0.64],
        "opacity":0,
        "visible":true,
        "depthWrite":true,
        "wireframe":false,
        "DbgColor":15658734,
        "vertexColors":false,
        "DbgName":"Material.002",
        "colorEmissive":[0,0,0],
        "shading":"basic"
    }],
    "skinWeights":[],
    "faces":[35,0,1,3,2,0,0,0,0,0,35,2,3,7,6,0,1,1,1,1,35,6,7,5,4,0,2,2,2,2,35,1,0,4,5,0,3,3,3,3,35,4,0,2,6,0,4,4,4,4,35,7,3,1,5,0,5,5,5,5],
    "skinIndices":[],
    "influencesPerVertex":2,
    "name":"Cube.001Geometry.1",
    "vertices":[-6.05888,-2.04092,-0.431557,-6.05888,1.53508,-0.431558,-6.05888,-2.04092,-1.88756,-6.05888,1.53508,-1.88756,-4.62289,-2.04092,-0.431557,-4.62289,1.53508,-0.431558,-4.62289,-2.04092,-1.88756,-4.62289,1.53508,-1.88756],
    "uvs":[]
}