{
    "metadata":{
        "type":"Geometry",
        "normals":6,
        "version":3,
        "generator":"io_three",
        "materials":1,
        "faces":6,
        "vertices":8,
        "uvs":0
    },
    "normals":[-1,0,-0,0,-1,0,1,0,-0,0,1,-0,0,0,1,0,0,-1],
    "materials":[{
        "specularCoef":50,
        "DbgIndex":0,
        "blending":"NormalBlending",
        "depthTest":true,
        "transparent":false,
        "colorDiffuse":[0.498824,0.005723,0.012539],
        "opacity":1,
        "visible":true,
        "colorSpecular":[1,1,1],
        "depthWrite":true,
        "wireframe":false,
        "DbgColor":15658734,
        "DbgName":"Material.003",
        "colorEmissive":[0,0,0],
        "shading":"phong"
    }],
    "skinWeights":[],
    "faces":[35,0,1,3,2,0,0,0,0,0,35,2,3,7,6,0,1,1,1,1,35,6,7,5,4,0,2,2,2,2,35,1,0,4,5,0,3,3,3,3,35,4,0,2,6,0,4,4,4,4,35,7,3,1,5,0,5,5,5,5],
    "skinIndices":[],
    "influencesPerVertex":2,
    "name":"Cube.001Geometry.6",
    "vertices":[-4.24928,-2.71732,-2.71193,-4.24928,1.59001,-2.71193,-4.24928,-2.71732,-4.4657,-4.24928,1.59001,-4.4657,-2.5196,-2.71732,-2.71193,-2.5196,1.59001,-2.71193,-2.5196,-2.71732,-4.4657,-2.5196,1.59001,-4.4657],
    "uvs":[]
}